ID,Destination
1,Main Corridor Door
2,CSB-3047: Doctor Michael Schukat's Office
3,CSB-3026: Computer Science Boardroom
4,CSB-3045: Doctor Enda Howley's Office
5,CSB-3044: Doctor James McDermott's Office
6,CSB-3016: Staff Common Room
7,CSB-3043: Doctor Sam Redfern's Office
8,CSB-3042: Karen Young's Office
9,CSB-3041: Professor Jim Duggan's Office
10,CSB-3040: Doctor Ihsaan Ullah's Office
11,CSB-3025: Triona Lydon's Office / Pensions and Investments Office
12,CSB-3039: Doctor Conor Hayes's Office
13,CSB-3026: Doctor Takfarinas Saber's Office 
14,CSB-3024: Karen Costello's Office / Pensions and Investments Office
15,CSB-3017: Switch Room / Store
16,CSB-3027: Joanne Boom's Office / Pensions and Investments Office
17,CSB-3023: Laura Moran's Office / Pensions and Investments Office
18,CSB-3038: Peter O'Kane's Office
19,CSB-3028: Doctor Waqar Shahid Qureshi's Office
20,CSB-3029: Doctor Effirul Ramlan's Office
21,CSB-3030: Doctor Jamal Nasir's Office
22,CSB-3022: Career Development Centre
23,CSB-3021: Doctor Bharati Raja Chakravarthi's Office
24,CSB-3020: Career Development Centre Office
25,CSB-3019: Doctor Karl Mason's Office
26,CSB-3018 - accessible Washroom
27,Emergency Exit Door - Washrooms ahead of it along with emergency stairwell
28,CSB-3031: Doctor Finlay Smith's Office
29,CSB-3033: Doctor Mamoona asghar's Office
30,CSB-3037: Joe O'Connell and Pearsse Carroll's Office
31,CSB-3032: Doctor Owen Molloy's Office